"Name","FullName"
"N6101.png","C:\Users\USER\.gemini\antigravity\scratch\howell-ecommerce\assets\Produk\Produk Batch 1\1. Patch Cable\N6101.png"
"N6201.png","C:\Users\USER\.gemini\antigravity\scratch\howell-ecommerce\assets\Produk\Produk Batch 1\1. Patch Cable\N6201.png"
"N6A02 - N6A11.png","C:\Users\USER\.gemini\antigravity\scratch\howell-ecommerce\assets\Produk\Produk Batch 1\1. Patch Cable\N6A02 - N6A11.png"
"N8A02 - N8A08.png","C:\Users\USER\.gemini\antigravity\scratch\howell-ecommerce\assets\Produk\Produk Batch 1\1. Patch Cable\N8A02 - N8A08.png"
"N8B03 - N8B08.png","C:\Users\USER\.gemini\antigravity\scratch\howell-ecommerce\assets\Produk\Produk Batch 1\1. Patch Cable\N8B03 - N8B08.png"
"N8C04.png","C:\Users\USER\.gemini\antigravity\scratch\howell-ecommerce\assets\Produk\Produk Batch 1\1. Patch Cable\N8C04.png"
"N8D04.png","C:\Users\USER\.gemini\antigravity\scratch\howell-ecommerce\assets\Produk\Produk Batch 1\1. Patch Cable\N8D04.png"
"RC01.png","C:\Users\USER\.gemini\antigravity\scratch\howell-ecommerce\assets\Produk\Produk Batch 1\1. Patch Cable\RC01.png"
"RC02.png","C:\Users\USER\.gemini\antigravity\scratch\howell-ecommerce\assets\Produk\Produk Batch 1\1. Patch Cable\RC02.png"
"VGA0106.png","C:\Users\USER\.gemini\antigravity\scratch\howell-ecommerce\assets\Produk\Produk Batch 1\10. VGA Cable\VGA0106.png"
"CH0101.png","C:\Users\USER\.gemini\antigravity\scratch\howell-ecommerce\assets\Produk\Produk Batch 1\2. HDMI Cable\CH0101.png"
"CH0201.png","C:\Users\USER\.gemini\antigravity\scratch\howell-ecommerce\assets\Produk\Produk Batch 1\2. HDMI Cable\CH0201.png"
"CH0301.png","C:\Users\USER\.gemini\antigravity\scratch\howell-ecommerce\assets\Produk\Produk Batch 1\2. HDMI Cable\CH0301.png"
"DH0103.png","C:\Users\USER\.gemini\antigravity\scratch\howell-ecommerce\assets\Produk\Produk Batch 1\2. HDMI Cable\DH0103.png"
"DH0203.png","C:\Users\USER\.gemini\antigravity\scratch\howell-ecommerce\assets\Produk\Produk Batch 1\2. HDMI Cable\DH0203.png"
"DH0301.png","C:\Users\USER\.gemini\antigravity\scratch\howell-ecommerce\assets\Produk\Produk Batch 1\2. HDMI Cable\DH0301.png"
"H0103 - H0110.png","C:\Users\USER\.gemini\antigravity\scratch\howell-ecommerce\assets\Produk\Produk Batch 1\2. HDMI Cable\H0103 - H0110.png"
"H0203 - H0210.png","C:\Users\USER\.gemini\antigravity\scratch\howell-ecommerce\assets\Produk\Produk Batch 1\2. HDMI Cable\H0203 - H0210.png"
"H0303 - H0310.png","C:\Users\USER\.gemini\antigravity\scratch\howell-ecommerce\assets\Produk\Produk Batch 1\2. HDMI Cable\H0303 - H0310.png"
"H0403 - H0408.png","C:\Users\USER\.gemini\antigravity\scratch\howell-ecommerce\assets\Produk\Produk Batch 1\2. HDMI Cable\H0403 - H0408.png"
"H0503 - H0507.png","C:\Users\USER\.gemini\antigravity\scratch\howell-ecommerce\assets\Produk\Produk Batch 1\2. HDMI Cable\H0503 - H0507.png"
"H0601 - H0612.png","C:\Users\USER\.gemini\antigravity\scratch\howell-ecommerce\assets\Produk\Produk Batch 1\2. HDMI Cable\H0601 - H0612.png"
"H0703.png","C:\Users\USER\.gemini\antigravity\scratch\howell-ecommerce\assets\Produk\Produk Batch 1\2. HDMI Cable\H0703.png"
"H0803.png","C:\Users\USER\.gemini\antigravity\scratch\howell-ecommerce\assets\Produk\Produk Batch 1\2. HDMI Cable\H0803.png"
"H0903.png","C:\Users\USER\.gemini\antigravity\scratch\howell-ecommerce\assets\Produk\Produk Batch 1\2. HDMI Cable\H0903.png"
"H1003.png","C:\Users\USER\.gemini\antigravity\scratch\howell-ecommerce\assets\Produk\Produk Batch 1\2. HDMI Cable\H1003.png"
"H1103.png","C:\Users\USER\.gemini\antigravity\scratch\howell-ecommerce\assets\Produk\Produk Batch 1\2. HDMI Cable\H1103.png"
"H1303.png","C:\Users\USER\.gemini\antigravity\scratch\howell-ecommerce\assets\Produk\Produk Batch 1\2. HDMI Cable\H1303.png"
"H1401.png","C:\Users\USER\.gemini\antigravity\scratch\howell-ecommerce\assets\Produk\Produk Batch 1\2. HDMI Cable\H1401.png"
"H1603.png","C:\Users\USER\.gemini\antigravity\scratch\howell-ecommerce\assets\Produk\Produk Batch 1\2. HDMI Cable\H1603.png"
"H1703.png","C:\Users\USER\.gemini\antigravity\scratch\howell-ecommerce\assets\Produk\Produk Batch 1\2. HDMI Cable\H1703.png"
"H1803.png","C:\Users\USER\.gemini\antigravity\scratch\howell-ecommerce\assets\Produk\Produk Batch 1\2. HDMI Cable\H1803.png"
"H2001.png","C:\Users\USER\.gemini\antigravity\scratch\howell-ecommerce\assets\Produk\Produk Batch 1\2. HDMI Cable\H2001.png"
"H2103.png","C:\Users\USER\.gemini\antigravity\scratch\howell-ecommerce\assets\Produk\Produk Batch 1\2. HDMI Cable\H2103.png"
"H2303.png","C:\Users\USER\.gemini\antigravity\scratch\howell-ecommerce\assets\Produk\Produk Batch 1\2. HDMI Cable\H2303.png"
"H2403.png","C:\Users\USER\.gemini\antigravity\scratch\howell-ecommerce\assets\Produk\Produk Batch 1\2. HDMI Cable\H2403.png"
"H2503.png","C:\Users\USER\.gemini\antigravity\scratch\howell-ecommerce\assets\Produk\Produk Batch 1\2. HDMI Cable\H2503.png"
"H2603.png","C:\Users\USER\.gemini\antigravity\scratch\howell-ecommerce\assets\Produk\Produk Batch 1\2. HDMI Cable\H2603.png"
"H2703.png","C:\Users\USER\.gemini\antigravity\scratch\howell-ecommerce\assets\Produk\Produk Batch 1\2. HDMI Cable\H2703.png"
"H2803.png","C:\Users\USER\.gemini\antigravity\scratch\howell-ecommerce\assets\Produk\Produk Batch 1\2. HDMI Cable\H2803.png"
"H2903.png","C:\Users\USER\.gemini\antigravity\scratch\howell-ecommerce\assets\Produk\Produk Batch 1\2. HDMI Cable\H2903.png"
"H3003.png","C:\Users\USER\.gemini\antigravity\scratch\howell-ecommerce\assets\Produk\Produk Batch 1\2. HDMI Cable\H3003.png"
"H3103.png","C:\Users\USER\.gemini\antigravity\scratch\howell-ecommerce\assets\Produk\Produk Batch 1\2. HDMI Cable\H3103.png"
"H3203.png","C:\Users\USER\.gemini\antigravity\scratch\howell-ecommerce\assets\Produk\Produk Batch 1\2. HDMI Cable\H3203.png"
"H3303.png","C:\Users\USER\.gemini\antigravity\scratch\howell-ecommerce\assets\Produk\Produk Batch 1\2. HDMI Cable\H3303.png"
"H3403.png","C:\Users\USER\.gemini\antigravity\scratch\howell-ecommerce\assets\Produk\Produk Batch 1\2. HDMI Cable\H3403.png"
"H3503.png","C:\Users\USER\.gemini\antigravity\scratch\howell-ecommerce\assets\Produk\Produk Batch 1\2. HDMI Cable\H3503.png"
"MH0301.png","C:\Users\USER\.gemini\antigravity\scratch\howell-ecommerce\assets\Produk\Produk Batch 1\2. HDMI Cable\MH0301.png"
"USB0206.png","C:\Users\USER\.gemini\antigravity\scratch\howell-ecommerce\assets\Produk\Produk Batch 1\2. HDMI Cable\USB0206.png"
"AU0103.png","C:\Users\USER\.gemini\antigravity\scratch\howell-ecommerce\assets\Produk\Produk Batch 1\3. Audio Cable\AU0103.png"
"AU0203.png","C:\Users\USER\.gemini\antigravity\scratch\howell-ecommerce\assets\Produk\Produk Batch 1\3. Audio Cable\AU0203.png"
"AU0303.png","C:\Users\USER\.gemini\antigravity\scratch\howell-ecommerce\assets\Produk\Produk Batch 1\3. Audio Cable\AU0303.png"
"AU0403.png","C:\Users\USER\.gemini\antigravity\scratch\howell-ecommerce\assets\Produk\Produk Batch 1\3. Audio Cable\AU0403.png"
"AU0503.png","C:\Users\USER\.gemini\antigravity\scratch\howell-ecommerce\assets\Produk\Produk Batch 1\3. Audio Cable\AU0503.png"
"AU0603.png","C:\Users\USER\.gemini\antigravity\scratch\howell-ecommerce\assets\Produk\Produk Batch 1\3. Audio Cable\AU0603.png"
"AU0703.png","C:\Users\USER\.gemini\antigravity\scratch\howell-ecommerce\assets\Produk\Produk Batch 1\3. Audio Cable\AU0703.png"
"AU0803.png","C:\Users\USER\.gemini\antigravity\scratch\howell-ecommerce\assets\Produk\Produk Batch 1\3. Audio Cable\AU0803.png"
"AU0903.png","C:\Users\USER\.gemini\antigravity\scratch\howell-ecommerce\assets\Produk\Produk Batch 1\3. Audio Cable\AU0903.png"
"AU1003.png","C:\Users\USER\.gemini\antigravity\scratch\howell-ecommerce\assets\Produk\Produk Batch 1\3. Audio Cable\AU1003.png"
"AU1103.png","C:\Users\USER\.gemini\antigravity\scratch\howell-ecommerce\assets\Produk\Produk Batch 1\3. Audio Cable\AU1103.png"
"AC01.png","C:\Users\USER\.gemini\antigravity\scratch\howell-ecommerce\assets\Produk\Produk Batch 1\4. Acc Ponsel\AC01.png"
"AC02.png","C:\Users\USER\.gemini\antigravity\scratch\howell-ecommerce\assets\Produk\Produk Batch 1\4. Acc Ponsel\AC02.png"
"AC03.png","C:\Users\USER\.gemini\antigravity\scratch\howell-ecommerce\assets\Produk\Produk Batch 1\4. Acc Ponsel\AC03.png"
"AC04.png","C:\Users\USER\.gemini\antigravity\scratch\howell-ecommerce\assets\Produk\Produk Batch 1\4. Acc Ponsel\AC04.png"
"AC05.png","C:\Users\USER\.gemini\antigravity\scratch\howell-ecommerce\assets\Produk\Produk Batch 1\4. Acc Ponsel\AC05.png"
"CC01.png","C:\Users\USER\.gemini\antigravity\scratch\howell-ecommerce\assets\Produk\Produk Batch 1\4. Acc Ponsel\CC01.png"
"CC02.png","C:\Users\USER\.gemini\antigravity\scratch\howell-ecommerce\assets\Produk\Produk Batch 1\4. Acc Ponsel\CC02.png"
"HW-C01.png","C:\Users\USER\.gemini\antigravity\scratch\howell-ecommerce\assets\Produk\Produk Batch 1\4. Acc Ponsel\HW-C01.png"
"HW-C02A.png","C:\Users\USER\.gemini\antigravity\scratch\howell-ecommerce\assets\Produk\Produk Batch 1\4. Acc Ponsel\HW-C02A.png"
"HW-C03.png","C:\Users\USER\.gemini\antigravity\scratch\howell-ecommerce\assets\Produk\Produk Batch 1\4. Acc Ponsel\HW-C03.png"
"HW-C03A.png","C:\Users\USER\.gemini\antigravity\scratch\howell-ecommerce\assets\Produk\Produk Batch 1\4. Acc Ponsel\HW-C03A.png"
"HW-C04.png","C:\Users\USER\.gemini\antigravity\scratch\howell-ecommerce\assets\Produk\Produk Batch 1\4. Acc Ponsel\HW-C04.png"
"POW-101 - POW-102.png","C:\Users\USER\.gemini\antigravity\scratch\howell-ecommerce\assets\Produk\Produk Batch 1\5. Cable Power\POW-101 - POW-102.png"
"POW-201 - POW-202.png","C:\Users\USER\.gemini\antigravity\scratch\howell-ecommerce\assets\Produk\Produk Batch 1\5. Cable Power\POW-201 - POW-202.png"
"POW-301 - POW-302.png","C:\Users\USER\.gemini\antigravity\scratch\howell-ecommerce\assets\Produk\Produk Batch 1\5. Cable Power\POW-301 - POW-302.png"
"HW01.png","C:\Users\USER\.gemini\antigravity\scratch\howell-ecommerce\assets\Produk\Produk Batch 1\6. Earphone\HW01.png"
"HW02-B.png","C:\Users\USER\.gemini\antigravity\scratch\howell-ecommerce\assets\Produk\Produk Batch 1\6. Earphone\HW02-B.png"
"HW02-W.png","C:\Users\USER\.gemini\antigravity\scratch\howell-ecommerce\assets\Produk\Produk Batch 1\6. Earphone\HW02-W.png"
"HW03-W & HW03-B.png","C:\Users\USER\.gemini\antigravity\scratch\howell-ecommerce\assets\Produk\Produk Batch 1\6. Earphone\HW03-W & HW03-B.png"
"HW04.png","C:\Users\USER\.gemini\antigravity\scratch\howell-ecommerce\assets\Produk\Produk Batch 1\6. Earphone\HW04.png"
"HW05.png","C:\Users\USER\.gemini\antigravity\scratch\howell-ecommerce\assets\Produk\Produk Batch 1\6. Earphone\HW05.png"
"HW06.png","C:\Users\USER\.gemini\antigravity\scratch\howell-ecommerce\assets\Produk\Produk Batch 1\6. Earphone\HW06.png"
"HW07.png","C:\Users\USER\.gemini\antigravity\scratch\howell-ecommerce\assets\Produk\Produk Batch 1\6. Earphone\HW07.png"
"ADP001.png","C:\Users\USER\.gemini\antigravity\scratch\howell-ecommerce\assets\Produk\Produk Batch 1\7. Adapter\ADP001.png"
"ADP002 - ADP013.png","C:\Users\USER\.gemini\antigravity\scratch\howell-ecommerce\assets\Produk\Produk Batch 1\7. Adapter\ADP002 - ADP013.png"
"ADP002.png","C:\Users\USER\.gemini\antigravity\scratch\howell-ecommerce\assets\Produk\Produk Batch 1\7. Adapter\ADP002.png"
"ADP003.png","C:\Users\USER\.gemini\antigravity\scratch\howell-ecommerce\assets\Produk\Produk Batch 1\7. Adapter\ADP003.png"
"ADP004.png","C:\Users\USER\.gemini\antigravity\scratch\howell-ecommerce\assets\Produk\Produk Batch 1\7. Adapter\ADP004.png"
"ADP005.png","C:\Users\USER\.gemini\antigravity\scratch\howell-ecommerce\assets\Produk\Produk Batch 1\7. Adapter\ADP005.png"
"ADP006.png","C:\Users\USER\.gemini\antigravity\scratch\howell-ecommerce\assets\Produk\Produk Batch 1\7. Adapter\ADP006.png"
"ADP007.png","C:\Users\USER\.gemini\antigravity\scratch\howell-ecommerce\assets\Produk\Produk Batch 1\7. Adapter\ADP007.png"
"ADP008.png","C:\Users\USER\.gemini\antigravity\scratch\howell-ecommerce\assets\Produk\Produk Batch 1\7. Adapter\ADP008.png"
"ADP009.png","C:\Users\USER\.gemini\antigravity\scratch\howell-ecommerce\assets\Produk\Produk Batch 1\7. Adapter\ADP009.png"
"ADP010.png","C:\Users\USER\.gemini\antigravity\scratch\howell-ecommerce\assets\Produk\Produk Batch 1\7. Adapter\ADP010.png"
"ADP011.png","C:\Users\USER\.gemini\antigravity\scratch\howell-ecommerce\assets\Produk\Produk Batch 1\7. Adapter\ADP011.png"
"ADP012.png","C:\Users\USER\.gemini\antigravity\scratch\howell-ecommerce\assets\Produk\Produk Batch 1\7. Adapter\ADP012.png"
"ADP013.png","C:\Users\USER\.gemini\antigravity\scratch\howell-ecommerce\assets\Produk\Produk Batch 1\7. Adapter\ADP013.png"
"ADP014.png","C:\Users\USER\.gemini\antigravity\scratch\howell-ecommerce\assets\Produk\Produk Batch 1\7. Adapter\ADP014.png"
"ADP015.png","C:\Users\USER\.gemini\antigravity\scratch\howell-ecommerce\assets\Produk\Produk Batch 1\7. Adapter\ADP015.png"
"ADP016.png","C:\Users\USER\.gemini\antigravity\scratch\howell-ecommerce\assets\Produk\Produk Batch 1\7. Adapter\ADP016.png"
"ADP017.png","C:\Users\USER\.gemini\antigravity\scratch\howell-ecommerce\assets\Produk\Produk Batch 1\7. Adapter\ADP017.png"
"ADP018.png","C:\Users\USER\.gemini\antigravity\scratch\howell-ecommerce\assets\Produk\Produk Batch 1\7. Adapter\ADP018.png"
"ADP019.png","C:\Users\USER\.gemini\antigravity\scratch\howell-ecommerce\assets\Produk\Produk Batch 1\7. Adapter\ADP019.png"
"ADP020.png","C:\Users\USER\.gemini\antigravity\scratch\howell-ecommerce\assets\Produk\Produk Batch 1\7. Adapter\ADP020.png"
"ADP021.png","C:\Users\USER\.gemini\antigravity\scratch\howell-ecommerce\assets\Produk\Produk Batch 1\7. Adapter\ADP021.png"
"ADP022.png","C:\Users\USER\.gemini\antigravity\scratch\howell-ecommerce\assets\Produk\Produk Batch 1\7. Adapter\ADP022.png"
"ADP023.png","C:\Users\USER\.gemini\antigravity\scratch\howell-ecommerce\assets\Produk\Produk Batch 1\7. Adapter\ADP023.png"
"ADP024.png","C:\Users\USER\.gemini\antigravity\scratch\howell-ecommerce\assets\Produk\Produk Batch 1\7. Adapter\ADP024.png"
"ADP025.png","C:\Users\USER\.gemini\antigravity\scratch\howell-ecommerce\assets\Produk\Produk Batch 1\7. Adapter\ADP025.png"
"ADP026.png","C:\Users\USER\.gemini\antigravity\scratch\howell-ecommerce\assets\Produk\Produk Batch 1\7. Adapter\ADP026.png"
"ADP027.png","C:\Users\USER\.gemini\antigravity\scratch\howell-ecommerce\assets\Produk\Produk Batch 1\7. Adapter\ADP027.png"
"ADP028.png","C:\Users\USER\.gemini\antigravity\scratch\howell-ecommerce\assets\Produk\Produk Batch 1\7. Adapter\ADP028.png"
"ADP029.png","C:\Users\USER\.gemini\antigravity\scratch\howell-ecommerce\assets\Produk\Produk Batch 1\7. Adapter\ADP029.png"
"ADP030.png","C:\Users\USER\.gemini\antigravity\scratch\howell-ecommerce\assets\Produk\Produk Batch 1\7. Adapter\ADP030.png"
"ADP031.png","C:\Users\USER\.gemini\antigravity\scratch\howell-ecommerce\assets\Produk\Produk Batch 1\7. Adapter\ADP031.png"
"ADP032.png","C:\Users\USER\.gemini\antigravity\scratch\howell-ecommerce\assets\Produk\Produk Batch 1\7. Adapter\ADP032.png"
"ADP033.png","C:\Users\USER\.gemini\antigravity\scratch\howell-ecommerce\assets\Produk\Produk Batch 1\7. Adapter\ADP033.png"
"ADP035.png","C:\Users\USER\.gemini\antigravity\scratch\howell-ecommerce\assets\Produk\Produk Batch 1\7. Adapter\ADP035.png"
"ADP037.png","C:\Users\USER\.gemini\antigravity\scratch\howell-ecommerce\assets\Produk\Produk Batch 1\7. Adapter\ADP037.png"
"ADP038.png","C:\Users\USER\.gemini\antigravity\scratch\howell-ecommerce\assets\Produk\Produk Batch 1\7. Adapter\ADP038.png"
"DP0203.png","C:\Users\USER\.gemini\antigravity\scratch\howell-ecommerce\assets\Produk\Produk Batch 1\8. DP Cable\DP0203.png"
"DP0303.png","C:\Users\USER\.gemini\antigravity\scratch\howell-ecommerce\assets\Produk\Produk Batch 1\8. DP Cable\DP0303.png"
"DP0403.png","C:\Users\USER\.gemini\antigravity\scratch\howell-ecommerce\assets\Produk\Produk Batch 1\8. DP Cable\DP0403.png"
"DP0503.png","C:\Users\USER\.gemini\antigravity\scratch\howell-ecommerce\assets\Produk\Produk Batch 1\8. DP Cable\DP0503.png"
"DP0703.png","C:\Users\USER\.gemini\antigravity\scratch\howell-ecommerce\assets\Produk\Produk Batch 1\8. DP Cable\DP0703.png"
"DP0803.png","C:\Users\USER\.gemini\antigravity\scratch\howell-ecommerce\assets\Produk\Produk Batch 1\8. DP Cable\DP0803.png"
"DP0903.png","C:\Users\USER\.gemini\antigravity\scratch\howell-ecommerce\assets\Produk\Produk Batch 1\8. DP Cable\DP0903.png"
"DP1006.png","C:\Users\USER\.gemini\antigravity\scratch\howell-ecommerce\assets\Produk\Produk Batch 1\8. DP Cable\DP1006.png"
"DP1203.png","C:\Users\USER\.gemini\antigravity\scratch\howell-ecommerce\assets\Produk\Produk Batch 1\8. DP Cable\DP1203.png"
"DP1303.png","C:\Users\USER\.gemini\antigravity\scratch\howell-ecommerce\assets\Produk\Produk Batch 1\8. DP Cable\DP1303.png"
"DVI0103.png","C:\Users\USER\.gemini\antigravity\scratch\howell-ecommerce\assets\Produk\Produk Batch 1\9. DVI Cable\DVI0103.png"
"DVI0203.png","C:\Users\USER\.gemini\antigravity\scratch\howell-ecommerce\assets\Produk\Produk Batch 1\9. DVI Cable\DVI0203.png"
"DVI0403.png","C:\Users\USER\.gemini\antigravity\scratch\howell-ecommerce\assets\Produk\Produk Batch 1\9. DVI Cable\DVI0403.png"
"DVI0503.png","C:\Users\USER\.gemini\antigravity\scratch\howell-ecommerce\assets\Produk\Produk Batch 1\9. DVI Cable\DVI0503.png"
"DVI0601.png","C:\Users\USER\.gemini\antigravity\scratch\howell-ecommerce\assets\Produk\Produk Batch 1\9. DVI Cable\DVI0601.png"
"HD0102.png","C:\Users\USER\.gemini\antigravity\scratch\howell-ecommerce\assets\Produk\Produk Batch 1\9. DVI Cable\HD0102.png"
"HD0203.png","C:\Users\USER\.gemini\antigravity\scratch\howell-ecommerce\assets\Produk\Produk Batch 1\9. DVI Cable\HD0203.png"
